book_id,title,author,isbn
1,Profound bi-directional project,James Watson,978-1-225-94042-5
2,Total directional monitoring,Anthony Holt,978-0-13-614410-6
3,Integrated 24hour customer loyalty,Cynthia Bailey,978-0-491-38107-9
4,Triple-buffered bi-directional throughput,Michael Lyons MD,978-0-420-27694-0
5,Virtual exuding superstructure,Austin Mccoy,978-1-4668-2355-6
6,Expanded even-keeled database,Kelly Blackwell,978-0-530-40449-3
7,Realigned logistical structure,Hayden King,978-0-555-64049-4
8,Sharable object-oriented customer loyalty,Brittany Johnson,978-1-919673-67-7
9,Visionary composite analyzer,David Hogan,978-1-5193-3573-9
10,Digitized multi-tasking open architecture,Jared Brown,978-0-7662-0456-0
11,Down-sized methodical policy,Barbara Smith,978-1-941290-64-4
12,Sharable executive customer loyalty,Scott Marshall,978-0-05-146467-9
13,Distributed actuating knowledge user,Andrea Hill MD,978-1-63391-806-1
14,Monitored systematic functionalities,James Clark,978-0-11-954994-2
15,Multi-lateral zero administration parallelism,Troy Campbell,978-1-74121-879-4
16,Programmable client-driven orchestration,Dr. James Cooper,978-1-83784-667-2
17,Vision-oriented optimal superstructure,Brooke Mullins,978-1-5424-8987-4
18,Open-architected bi-directional functionalities,Jessica Craig,978-0-8214-5296-7
19,Reverse-engineered web-enabled algorithm,Jacob Henderson,978-1-55951-030-1
20,Self-enabling hybrid Internet solution,Steven Chung,978-0-13-690718-3
